{"cameraMode":{"drawMode":0,"name":"Shaded","section":"Shading Mode"},"sceneLighting":false,"audioPlay":false,"sceneViewState":{"m_AlwaysRefresh":false,"showFog":true,"showSkybox":false,"showFlares":true,"showImageEffects":true,"showParticleSystems":true,"showVisualEffectGraphs":true,"m_FxEnabled":true},"in2DMode":false,"pivot":{"x":0.573694109916687,"y":2.831660509109497,"z":83.77752685546875},"rotation":{"x":-0.09750992804765701,"y":0.16691650450229646,"z":-0.018103381618857385,"w":-0.9811915159225464},"size":0.6268449425697327,"orthographic":false}