{"cameraMode":{"drawMode":0,"name":"Shaded","section":"Shading Mode"},"sceneLighting":true,"audioPlay":false,"sceneViewState":{"m_AlwaysRefresh":false,"showFog":true,"showSkybox":true,"showFlares":true,"showImageEffects":true,"showParticleSystems":true,"showVisualEffectGraphs":true,"m_FxEnabled":true},"in2DMode":false,"pivot":{"x":-1.0691887140274048,"y":-5.666539192199707,"z":22.38064193725586},"rotation":{"x":-0.18964987993240357,"y":0.006477336399257183,"z":-0.0012512047542259098,"w":-0.9818301200866699},"size":28.20949935913086,"orthographic":false}